{
    "authenticationMethod": "route",
    "routes": [
        {
            "source": "^/v2/low-code/(.*)$",
            "target": "$1",
            "destination": "srv-api",
            "authenticationType": "xsuaa"
        },
        {
            "source": "^/testService/(.*)$",
            "target": "$1",
            "destination": "srv-api"
        },
        {
            "source": "^/bpmworkflowruntime/(.*)$",
            "target": "/$1",
            "service": "com.sap.bpm.workflow",
            "endpoint": "workflow_rest_url",
            "authenticationType": "xsuaa"
        }
    ]
}