{
  "manifest.json": 1623242855477,
  "model/models.js": 1623089763940,
  "i18n/i18n.properties": 1623089763940,
  "controller/View1.controller.js": 1623242682235,
  "Component.js": 1623089763940,
  "manifest-bundle.zip": 1623242855248,
  "Component-preload.js": 1623242855439,
  "controller/View1-dbg.controller.js": 1623242682235,
  "model/models-dbg.js": 1623089763940,
  "Component-dbg.js": 1623089763940,
  "resources.json": 1623242855480,
  "view/View1.view.xml": 1623089763944,
  "images/spinner.gif": 1623089763940,
  "css/style.css": 1623089763940,
  "index.html": 1623089763940
}