{
  "Component-dbg.js": 1611895282321,
  "Component.js": 1611895282321,
  "model/models.js": 1611895282321,
  "controller/View1.controller.js": 1612333975890,
  "manifest.json": 1612335349400,
  "manifest-bundle.zip": 1612335349197,
  "Component-preload.js": 1612335349365,
  "controller/View1-dbg.controller.js": 1612333975890,
  "model/models-dbg.js": 1611895282321,
  "i18n/i18n.properties": 1611895282321,
  "resources.json": 1612335349402,
  "view/View1.view.xml": 1612160405604,
  "images/spinner.gif": 1611895282321,
  "css/style.css": 1611895282321,
  "index.html": 1611895282321
}