{
  "Component-dbg.js": 1622915886384,
  "controller/View1.controller.js": 1622915886384,
  "model/models.js": 1622915886384,
  "manifest.json": 1623045894327,
  "Component.js": 1622915886384,
  "manifest-bundle.zip": 1623045893937,
  "Component-preload.js": 1623045894262,
  "i18n/i18n.properties": 1622915886384,
  "controller/View1-dbg.controller.js": 1622915886384,
  "model/models-dbg.js": 1622915886384,
  "resources.json": 1623045894336,
  "view/View1.view.xml": 1622915886384,
  "images/spinner.gif": 1622915886384,
  "css/style.css": 1622915886384,
  "index.html": 1622915886384
}