{
  "index.html": 1611833979660,
  "manifest.json": 1612340826439,
  "model/models.js": 1611819638081,
  "controller/View1.controller.js": 1611835363365,
  "Component.js": 1611833527588,
  "manifest-bundle.zip": 1612340826085,
  "Component-preload.js": 1612340826397,
  "Component-dbg.js": 1611833527588,
  "controller/View1-dbg.controller.js": 1611835363365,
  "model/models-dbg.js": 1611819638081,
  "resources.json": 1612340826442,
  "view/View1.view.xml": 1611834606273,
  "images/spinner.gif": 1611834085464,
  "css/style.css": 1611819638077,
  "i18n/i18n.properties": 1611819638081
}