{
  "Component-dbg.js": 1623089763940,
  "manifest.json": 1624000772115,
  "model/models.js": 1623089763940,
  "controller/View1.controller.js": 1623309813726,
  "Component.js": 1623089763940,
  "manifest-bundle.zip": 1624000771528,
  "Component-preload.js": 1624000772064,
  "controller/View1-dbg.controller.js": 1623309813726,
  "model/models-dbg.js": 1623089763940,
  "i18n/i18n.properties": 1623089763940,
  "resources.json": 1624000772117,
  "view/View1.view.xml": 1623089763944,
  "images/spinner.gif": 1623089763940,
  "css/style.css": 1623089763940,
  "index.html": 1623089763940
}