{
  "Component-preload.js": 1612185526404,
  "model/models.js": 1611895282321,
  "manifest.json": 1612185526439,
  "controller/View1.controller.js": 1612185453468,
  "Component.js": 1611895282321,
  "manifest-bundle.zip": 1612185526233,
  "i18n/i18n.properties": 1611895282321,
  "model/models-dbg.js": 1611895282321,
  "controller/View1-dbg.controller.js": 1612185453468,
  "Component-dbg.js": 1611895282321,
  "resources.json": 1612185526441,
  "view/View1.view.xml": 1612160405604,
  "images/spinner.gif": 1611895282321,
  "css/style.css": 1611895282321,
  "index.html": 1611895282321
}