{
  "images/spinner.gif": 1611895282321,
  "controller/View1.controller.js": 1612247856356,
  "model/models.js": 1611895282321,
  "manifest.json": 1612247905999,
  "Component.js": 1611895282321,
  "manifest-bundle.zip": 1612247905797,
  "Component-preload.js": 1612247905964,
  "controller/View1-dbg.controller.js": 1612247856356,
  "model/models-dbg.js": 1611895282321,
  "Component-dbg.js": 1611895282321,
  "resources.json": 1612247906002,
  "view/View1.view.xml": 1612160405604,
  "i18n/i18n.properties": 1611895282321,
  "css/style.css": 1611895282321,
  "index.html": 1611895282321
}