{
  "model/models.js": 1612420670785,
  "controller/View1.controller.js": 1612420670785,
  "i18n/i18n.properties": 1612420670785,
  "manifest.json": 1612510499778,
  "Component.js": 1612420670785,
  "manifest-bundle.zip": 1612510499534,
  "Component-preload.js": 1612510499738,
  "Component-dbg.js": 1612420670785,
  "controller/View1-dbg.controller.js": 1612420670785,
  "model/models-dbg.js": 1612420670785,
  "resources.json": 1612510499781,
  "view/View1.view.xml": 1612420670785,
  "images/spinner.gif": 1612420670785,
  "css/style.css": 1612420670785,
  "index.html": 1612420670785
}