{
  "i18n/i18n.properties": 1611819638081,
  "controller/View1.controller.js": 1612341123373,
  "model/models.js": 1611819638081,
  "manifest.json": 1613467366592,
  "Component.js": 1611833527588,
  "manifest-bundle.zip": 1613467366191,
  "Component-preload.js": 1613467366548,
  "Component-dbg.js": 1611833527588,
  "controller/View1-dbg.controller.js": 1612341123373,
  "model/models-dbg.js": 1611819638081,
  "resources.json": 1613467366595,
  "view/View1.view.xml": 1612349028777,
  "images/spinner.gif": 1611834085464,
  "css/style.css": 1611819638077,
  "index.html": 1611833979660
}