{
	"_version": "3.0.0",
	"identification": {
		"id": "58ca534f-069f-4bdf-9354-51384ea3d3a7",
		"entityType": "bundle"
	},
	"payload": {
		"catalogs": [{
			"_version": "3.0.0",
			"identification": {
				"id": "defaultCatalogId",
				"title": "{{title}}",
				"entityType": "catalog",
				"i18n": "i18n/defaultCatalogId.properties"
			},
			"payload": {
				"viz": []
			}
		}],
		"groups": [{
			"_version": "3.0.0",
			"identification": {
				"id": "defaultGroupId",
				"title": "{{title}}",
				"entityType": "group",
				"i18n": "i18n/defaultGroupId.properties"
			},
			"payload": {
				"viz": [{
					"id": "com.sap.incodents.project1-0-1610349957854",
					"appId": "com.sap.incodents.project1",
					"vizId": "data-display"
				}]
			}
		}, {
			"_version": "3.0.0",
			"identification": {
				"id": "workflow-appds",
				"title": "{{title}}",
				"entityType": "group",
				"i18n": "i18n/workflow-appds.properties"
			},
			"payload": {
				"viz": [{
					"id": "cross.fnd.fiori.inbox-0-1611205644042",
					"appId": "cross.fnd.fiori.inbox",
					"vizId": "WorkflowTask-DisplayMyInbox"
				}, {
					"id": "com.sap.bpm.monitorworkflow-1-1611205644042",
					"appId": "com.sap.bpm.monitorworkflow",
					"vizId": "bpmworkflowmonitor-DisplayDefinitions"
				}, {
					"id": "com.sap.bpm.monitorworkflow-2-1611206790641",
					"appId": "com.sap.bpm.monitorworkflow",
					"vizId": "bpmworkflowmonitor-DisplayInstances"
				}]
			}
		}],
		"sites": [{
			"_version": "3.0.0",
			"identification": {
				"id": "9a3414b5-b1b4-4258-8594-fece3b8f9499",
				"entityType": "site",
				"title": "SAP Fiori launchpad site on Cloud Foundry",
				"description": "SAP Fiori launchpad site on Cloud Foundry, deployed from WING"
			},
			"payload": {
				"config": {
					"ushellConfig": {
						"renderers": {
							"fiori2": {
								"componentData": {
									"config": {
										"applications": {
											"Shell-home": {}
										}
									}
								}
							}
						}
					}
				},
				"groupsOrder": ["defaultGroupId", "workflow-appds"],
				"sap.cloud.portal": {
					"config": {
						"theme.id": "sap_fiori_3",
						"theme.active": ["sap_fiori_3", "sap_fiori_3_dark", "sap_belize_hcb", "sap_belize_hcw"]
					}
				}
			}
		}]
	}
}